<?xml version="1.0" encoding="utf-8" ?>
<Capgemini>
    <Employee>
        <EmployeeID>714709</EmployeeID>
        <Name>Karthik</Name>
    </Employee>
    <Employee>
        <EmployeeID>715671</EmployeeID>
        <Name>ShivKumar</Name>
    </Employee>
    <Employee>
        <EmployeeID>707224</EmployeeID>
        <Name>Latha</Name>
    </Employee>
    <Employee>
        <EmployeeID>700094</EmployeeID>
        <Name>Amudha</Name>
    </Employee>
    <Employee>
        <EmployeeID>702784</EmployeeID>
        <Name>Uma</Name>
    </Employee>
    <Employee>
        <EmployeeID>714198</EmployeeID>
        <Name>Satya</Name>
    </Employee>
    <Employee>
        <EmployeeID>710001</EmployeeID>
        <Name>Novendu</Name>
    </Employee>
    <Employee>
        <EmployeeID>705062</EmployeeID>
        <Name>Rashmi</Name>
    </Employee>
    <Employee>
        <EmployeeID>716848</EmployeeID>
        <Name>Richa</Name>
    </Employee>
</Capgemini>